chr	strand	distance	count
MT	+	40	1
MT	+	37	1
MT	+	36	1
MT	+	32	1
MT	+	28	1
MT	+	27	1
MT	+	26	2
MT	+	24	2
MT	+	23	4
MT	+	22	5
MT	+	21	5
MT	+	20	7
MT	+	19	9
MT	+	18	9
MT	+	17	15
MT	+	16	13
MT	+	15	23
MT	+	14	35
MT	+	13	41
MT	+	12	38
MT	+	11	60
MT	+	10	73
MT	+	9	86
MT	+	8	124
MT	+	7	174
MT	+	6	210
MT	+	5	304
MT	+	4	404
MT	+	3	601
MT	+	2	621
MT	+	1	1104
MT	+	0	1
MT	-	104	2
MT	-	76	1
MT	-	72	1
MT	-	69	1
MT	-	63	2
MT	-	61	2
MT	-	59	1
MT	-	57	1
MT	-	56	1
MT	-	53	1
MT	-	51	1
MT	-	49	1
MT	-	48	1
MT	-	45	2
MT	-	44	2
MT	-	43	2
MT	-	42	2
MT	-	41	2
MT	-	40	1
MT	-	39	2
MT	-	38	5
MT	-	37	2
MT	-	36	5
MT	-	35	5
MT	-	34	2
MT	-	33	5
MT	-	32	8
MT	-	31	2
MT	-	30	2
MT	-	29	5
MT	-	28	10
MT	-	27	13
MT	-	26	9
MT	-	25	7
MT	-	24	13
MT	-	23	14
MT	-	22	9
MT	-	21	27
MT	-	20	16
MT	-	19	15
MT	-	18	31
MT	-	17	34
MT	-	16	32
MT	-	15	45
MT	-	14	29
MT	-	13	42
MT	-	12	46
MT	-	11	54
MT	-	10	45
MT	-	9	78
MT	-	8	89
MT	-	7	87
MT	-	6	138
MT	-	5	117
MT	-	4	127
MT	-	3	217
MT	-	2	200
MT	-	1	397
MT	-	0	2
3	+	213	7
3	+	50009	1
3	+	497	1
3	+	889	1
3	+	701	1
3	+	637	1
3	+	597	1
3	+	595	1
3	+	594	1
3	+	590	1
3	+	584	2
3	+	582	2
3	+	567	1
3	+	550	1
3	+	548	1
3	+	547	1
3	+	545	1
3	+	544	1
3	+	539	1
3	+	536	1
3	+	533	1
3	+	527	1
3	+	523	1
3	+	515	1
3	+	512	1
3	+	510	1
3	+	50014	1
3	+	502	1
3	+	50004	2
3	+	495	1
3	+	493	1
3	+	481	1
3	+	476	1
3	+	469	1
3	+	467	1
3	+	466	1
3	+	463	1
3	+	460	3
3	+	457	1
3	+	455	1
3	+	454	1
3	+	453	1
3	+	452	1
3	+	451	1
3	+	446	2
3	+	443	1
3	+	442	2
3	+	441	1
3	+	433	3
3	+	432	1
3	+	422	2
3	+	417	1
3	+	415	2
3	+	414	1
3	+	411	3
3	+	408	1
3	+	405	2
3	+	404	2
3	+	400	1
3	+	398	2
3	+	397	1
3	+	395	1
3	+	394	3
3	+	393	1
3	+	388	1
3	+	386	1
3	+	385	1
3	+	384	1
3	+	382	1
3	+	381	2
3	+	380	1
3	+	379	1
3	+	377	1
3	+	376	1
3	+	375	1
3	+	374	1
3	+	373	1
3	+	372	2
3	+	371	1
3	+	366	2
3	+	361	1
3	+	360	1
3	+	358	2
3	+	357	2
3	+	355	1
3	+	353	1
3	+	352	1
3	+	351	2
3	+	350	2
3	+	349	1
3	+	348	2
3	+	346	2
3	+	345	1
3	+	344	2
3	+	343	3
3	+	339	3
3	+	338	1
3	+	337	1
3	+	335	1
3	+	334	2
3	+	333	3
3	+	332	2
3	+	331	2
3	+	330	2
3	+	329	1
3	+	326	4
3	+	325	2
3	+	324	2
3	+	321	1
3	+	320	2
3	+	319	1
3	+	318	4
3	+	317	3
3	+	316	2
3	+	315	3
3	+	314	1
3	+	313	4
3	+	311	1
3	+	310	2
3	+	309	4
3	+	307	2
3	+	306	6
3	+	305	3
3	+	303	6
3	+	302	3
3	+	301	3
3	+	299	1
3	+	298	3
3	+	297	3
3	+	296	4
3	+	295	2
3	+	294	4
3	+	293	3
3	+	292	4
3	+	291	4
3	+	290	1
3	+	289	3
3	+	288	6
3	+	287	4
3	+	286	5
3	+	285	3
3	+	284	4
3	+	283	2
3	+	282	2
3	+	281	1
3	+	279	4
3	+	278	4
3	+	277	4
3	+	276	5
3	+	275	2
3	+	274	1
3	+	273	3
3	+	272	3
3	+	271	1
3	+	270	6
3	+	269	3
3	+	268	2
3	+	267	4
3	+	266	1
3	+	265	1
3	+	264	1
3	+	263	2
3	+	262	3
3	+	261	4
3	+	260	4
3	+	259	4
3	+	258	3
3	+	257	3
3	+	256	3
3	+	255	2
3	+	254	4
3	+	253	5
3	+	252	7
3	+	251	8
3	+	250	3
3	+	249	5
3	+	248	3
3	+	247	3
3	+	246	4
3	+	245	3
3	+	244	5
3	+	243	4
3	+	242	8
3	+	241	7
3	+	240	4
3	+	239	9
3	+	238	9
3	+	237	3
3	+	236	3
3	+	235	4
3	+	234	7
3	+	233	7
3	+	232	7
3	+	231	8
3	+	230	8
3	+	229	8
3	+	228	5
3	+	227	6
3	+	226	9
3	+	225	1
3	+	224	4
3	+	223	5
3	+	222	7
3	+	221	7
3	+	220	8
3	+	219	8
3	+	218	10
3	+	217	7
3	+	216	6
3	+	215	9
3	+	214	6
3	+	5004	1
3	+	212	10
3	+	211	10
3	+	210	9
3	+	209	10
3	+	208	9
3	+	207	10
3	+	206	6
3	+	205	13
3	+	204	13
3	+	203	8
3	+	202	10
3	+	201	10
3	+	200	9
3	+	199	6
3	+	198	9
3	+	197	9
3	+	196	13
3	+	195	10
3	+	194	9
3	+	193	13
3	+	192	14
3	+	191	9
3	+	190	12
3	+	189	11
3	+	188	12
3	+	187	8
3	+	186	9
3	+	185	10
3	+	184	10
3	+	183	6
3	+	182	12
3	+	181	14
3	+	180	18
3	+	179	17
3	+	178	20
3	+	177	8
3	+	176	17
3	+	175	9
3	+	174	22
3	+	173	18
3	+	172	14
3	+	171	17
3	+	170	19
3	+	169	13
3	+	168	10
3	+	167	16
3	+	166	9
3	+	165	8
3	+	164	15
3	+	163	22
3	+	162	16
3	+	161	10
3	+	160	14
3	+	159	18
3	+	158	27
3	+	157	22
3	+	156	18
3	+	155	17
3	+	154	31
3	+	153	16
3	+	152	20
3	+	151	27
3	+	150	20
3	+	149	19
3	+	148	29
3	+	147	23
3	+	146	23
3	+	145	27
3	+	144	28
3	+	143	29
3	+	142	36
3	+	141	25
3	+	140	22
3	+	139	31
3	+	138	22
3	+	137	21
3	+	136	35
3	+	135	26
3	+	134	35
3	+	133	32
3	+	132	34
3	+	131	31
3	+	130	35
3	+	129	23
3	+	128	29
3	+	127	50
3	+	126	36
3	+	125	33
3	+	124	40
3	+	123	39
3	+	122	36
3	+	121	55
3	+	120	34
3	+	119	41
3	+	118	37
3	+	117	44
3	+	116	52
3	+	115	45
3	+	114	57
3	+	113	51
3	+	112	65
3	+	111	70
3	+	110	56
3	+	109	42
3	+	108	71
3	+	107	79
3	+	106	54
3	+	105	81
3	+	104	86
3	+	103	86
3	+	102	92
3	+	101	78
3	+	100	90
3	+	99	94
3	+	98	108
3	+	97	89
3	+	96	115
3	+	95	102
3	+	94	106
3	+	93	128
3	+	92	154
3	+	91	130
3	+	90	109
3	+	89	144
3	+	88	147
3	+	87	150
3	+	86	148
3	+	85	179
3	+	84	157
3	+	83	188
3	+	82	226
3	+	81	194
3	+	80	229
3	+	79	221
3	+	78	251
3	+	77	258
3	+	76	294
3	+	75	273
3	+	74	311
3	+	73	338
3	+	72	330
3	+	71	374
3	+	70	405
3	+	69	429
3	+	68	442
3	+	67	498
3	+	66	519
3	+	65	537
3	+	64	667
3	+	63	649
3	+	62	745
3	+	61	811
3	+	60	786
3	+	59	864
3	+	58	965
3	+	57	1064
3	+	56	1110
3	+	55	1190
3	+	54	1336
3	+	53	1481
3	+	52	2229
3	+	51	1788
3	+	50	2190
3	+	49	2177
3	+	48	2319
3	+	47	2343
3	+	46	2666
3	+	45	2927
3	+	44	3250
3	+	43	3523
3	+	42	4353
3	+	41	4648
3	+	40	5053
3	+	39	5884
3	+	38	7106
3	+	37	6890
3	+	36	9304
3	+	35	9503
3	+	34	11032
3	+	33	12676
3	+	32	14851
3	+	31	16502
3	+	30	20009
3	+	29	22992
3	+	28	27284
3	+	27	33533
3	+	26	40019
3	+	25	43230
3	+	24	51622
3	+	23	60712
3	+	22	70390
3	+	21	85259
3	+	20	98530
3	+	19	121138
3	+	18	150507
3	+	17	176527
3	+	16	210394
3	+	15	263236
3	+	14	324166
3	+	13	386584
3	+	12	496141
3	+	11	574809
3	+	10	736235
3	+	9	915771
3	+	8	1151890
3	+	7	1456370
3	+	6	1903533
3	+	5	2268670
3	+	4	2946137
3	+	3	3834913
3	+	2	5310828
3	+	1	7664286
3	+	0	1
1	+	499	1
1	+	37	8359
1	+	1461	1
1	+	406017	1
1	+	1065	1
1	+	969	1
1	+	927	1
1	+	803	1
1	+	790	1
1	+	789	1
1	+	7165	1
1	+	771	1
1	+	741	1
1	+	726	1
1	+	711	1
1	+	672	1
1	+	662	1
1	+	652	2
1	+	632	1
1	+	627	1
1	+	619	1
1	+	618	2
1	+	609	1
1	+	607	1
1	+	605	1
1	+	596	1
1	+	595	1
1	+	593	1
1	+	586	1
1	+	573	1
1	+	2000006	1
1	+	559	1
1	+	558	1
1	+	551	1
1	+	545	1
1	+	532	1
1	+	50028	1
1	+	520	1
1	+	519	1
1	+	514	1
1	+	500	1
1	+	50006	1
1	+	498	1
1	+	50004	1
1	+	496	2
1	+	493	1
1	+	491	1
1	+	486	1
1	+	473	1
1	+	472	1
1	+	468	1
1	+	466	1
1	+	465	1
1	+	464	1
1	+	461	1
1	+	459	1
1	+	133008	1
1	+	456	2
1	+	454	1
1	+	453	1
1	+	452	1
1	+	451	2
1	+	450	1
1	+	446	1
1	+	445	1
1	+	442	1
1	+	435	2
1	+	434	1
1	+	433	2
1	+	427	2
1	+	426	1
1	+	423	1
1	+	420	1
1	+	419	2
1	+	416	2
1	+	415	1
1	+	414	3
1	+	413	2
1	+	412	2
1	+	409	1
1	+	404	1
1	+	402	2
1	+	400	1
1	+	399	3
1	+	395	1
1	+	393	1
1	+	392	2
1	+	389	1
1	+	386	2
1	+	384	3
1	+	380	2
1	+	379	1
1	+	378	2
1	+	377	2
1	+	375	1
1	+	371	3
1	+	370	3
1	+	369	1
1	+	368	1
1	+	367	1
1	+	365	4
1	+	364	2
1	+	363	2
1	+	361	1
1	+	359	1
1	+	358	1
1	+	357	1
1	+	356	1
1	+	355	2
1	+	354	1
1	+	353	1
1	+	352	2
1	+	351	1
1	+	350	2
1	+	349	3
1	+	347	2
1	+	346	4
1	+	344	3
1	+	343	6
1	+	342	1
1	+	341	3
1	+	339	2
1	+	338	1
1	+	337	3
1	+	336	1
1	+	335	1
1	+	334	5
1	+	333	3
1	+	332	2
1	+	331	1
1	+	330	4
1	+	329	3
1	+	328	4
1	+	326	1
1	+	325	4
1	+	324	2
1	+	323	5
1	+	322	1
1	+	321	4
1	+	320	4
1	+	319	1
1	+	318	3
1	+	317	3
1	+	316	2
1	+	315	1
1	+	314	1
1	+	313	2
1	+	312	3
1	+	311	2
1	+	310	3
1	+	309	2
1	+	308	5
1	+	306	2
1	+	305	6
1	+	304	1
1	+	303	2
1	+	302	2
1	+	301	2
1	+	300	2
1	+	299	7
1	+	298	1
1	+	297	3
1	+	296	4
1	+	295	6
1	+	294	2
1	+	293	6
1	+	292	5
1	+	291	3
1	+	290	3
1	+	289	3
1	+	288	2
1	+	287	2
1	+	286	2
1	+	285	3
1	+	284	6
1	+	283	1
1	+	282	4
1	+	281	1
1	+	280	2
1	+	279	5
1	+	277	8
1	+	276	7
1	+	275	10
1	+	274	4
1	+	273	1
1	+	272	3
1	+	270	4
1	+	269	5
1	+	268	2
1	+	267	2
1	+	266	6
1	+	265	5
1	+	264	4
1	+	263	5
1	+	262	7
1	+	261	4
1	+	260	4
1	+	259	7
1	+	258	5
1	+	257	8
1	+	256	10
1	+	255	14
1	+	254	3
1	+	253	5
1	+	252	2
1	+	251	7
1	+	250	8
1	+	249	6
1	+	248	2
1	+	247	8
1	+	246	6
1	+	245	4
1	+	244	2
1	+	243	8
1	+	242	10
1	+	241	6
1	+	240	6
1	+	239	8
1	+	238	4
1	+	237	3
1	+	236	9
1	+	235	7
1	+	234	7
1	+	233	9
1	+	232	7
1	+	231	7
1	+	230	5
1	+	229	14
1	+	228	10
1	+	227	7
1	+	226	10
1	+	225	7
1	+	224	9
1	+	223	12
1	+	222	10
1	+	221	13
1	+	220	12
1	+	219	10
1	+	218	15
1	+	217	8
1	+	216	7
1	+	215	8
1	+	214	9
1	+	213	14
1	+	212	15
1	+	211	7
1	+	210	6
1	+	209	18
1	+	208	8
1	+	207	14
1	+	206	11
1	+	205	11
1	+	204	20
1	+	203	6
1	+	202	9
1	+	201	21
1	+	200	13
1	+	199	7
1	+	198	8
1	+	197	14
1	+	196	9
1	+	195	21
1	+	194	12
1	+	193	15
1	+	192	9
1	+	191	9
1	+	190	10
1	+	189	9
1	+	188	8
1	+	187	9
1	+	186	21
1	+	185	21
1	+	184	12
1	+	183	16
1	+	182	20
1	+	181	26
1	+	180	10
1	+	179	22
1	+	178	13
1	+	177	12
1	+	176	17
1	+	175	22
1	+	174	17
1	+	173	20
1	+	172	17
1	+	171	14
1	+	170	20
1	+	169	14
1	+	168	19
1	+	167	22
1	+	166	23
1	+	165	29
1	+	164	29
1	+	163	19
1	+	162	22
1	+	161	20
1	+	160	29
1	+	159	19
1	+	158	28
1	+	157	14
1	+	156	21
1	+	155	25
1	+	154	26
1	+	153	18
1	+	152	21
1	+	151	31
1	+	150	31
1	+	149	28
1	+	148	24
1	+	147	28
1	+	146	26
1	+	145	24
1	+	144	32
1	+	143	39
1	+	142	31
1	+	141	34
1	+	140	31
1	+	139	33
1	+	138	34
1	+	137	36
1	+	136	40
1	+	135	37
1	+	134	42
1	+	133	47
1	+	132	42
1	+	131	54
1	+	130	48
1	+	129	32
1	+	128	57
1	+	127	49
1	+	126	39
1	+	125	49
1	+	124	50
1	+	123	45
1	+	122	57
1	+	121	61
1	+	120	43
1	+	119	57
1	+	118	61
1	+	117	62
1	+	116	72
1	+	115	58
1	+	114	57
1	+	113	65
1	+	112	68
1	+	111	56
1	+	110	68
1	+	109	78
1	+	108	85
1	+	107	79
1	+	106	92
1	+	105	101
1	+	104	103
1	+	103	99
1	+	102	88
1	+	101	95
1	+	100	97
1	+	99	99
1	+	98	120
1	+	97	140
1	+	96	119
1	+	95	117
1	+	94	150
1	+	93	142
1	+	92	150
1	+	91	147
1	+	90	173
1	+	89	198
1	+	88	203
1	+	87	178
1	+	86	204
1	+	85	213
1	+	84	197
1	+	83	216
1	+	82	260
1	+	81	265
1	+	80	255
1	+	79	296
1	+	78	316
1	+	77	299
1	+	76	349
1	+	75	337
1	+	74	373
1	+	73	430
1	+	72	472
1	+	71	495
1	+	70	527
1	+	69	566
1	+	68	563
1	+	67	613
1	+	66	645
1	+	65	731
1	+	64	719
1	+	63	755
1	+	62	883
1	+	61	921
1	+	60	1036
1	+	59	1064
1	+	58	1147
1	+	57	1183
1	+	56	1358
1	+	55	1419
1	+	54	1693
1	+	53	1747
1	+	52	2481
1	+	51	2232
1	+	50	2481
1	+	49	2503
1	+	48	2687
1	+	47	2779
1	+	46	3268
1	+	45	3468
1	+	44	3815
1	+	43	4397
1	+	42	5062
1	+	41	5426
1	+	40	5953
1	+	39	7150
1	+	38	8427
1	+	16007	1
1	+	36	10768
1	+	35	11085
1	+	34	12653
1	+	33	14711
1	+	32	17147
1	+	31	19151
1	+	30	23521
1	+	29	26922
1	+	28	31819
1	+	27	38997
1	+	26	46942
1	+	25	50822
1	+	24	60057
1	+	23	71173
1	+	22	82777
1	+	21	101108
1	+	20	117036
1	+	19	143867
1	+	18	178401
1	+	17	209089
1	+	16	250357
1	+	15	313745
1	+	14	391620
1	+	13	465782
1	+	12	598921
1	+	11	696423
1	+	10	891735
1	+	9	1117035
1	+	8	1412762
1	+	7	1795882
1	+	6	2365584
1	+	5	2819084
1	+	4	3694395
1	+	3	4790951
1	+	2	6709338
1	+	1	9716444
1	+	0	1
2	+	1762	1
2	+	50001	1
2	+	1444	1
2	+	1177	1
2	+	955	1
2	+	885	1
2	+	876	1
2	+	846	1
2	+	819	1
2	+	734	1
2	+	724	1
2	+	712	1
2	+	706	1
2	+	675	1
2	+	50181	1
2	+	672	1
2	+	666	1
2	+	661	1
2	+	640	1
2	+	637	1
2	+	632	1
2	+	627	1
2	+	623	1
2	+	612	1
2	+	609	1
2	+	606	1
2	+	602	1
2	+	597	1
2	+	596	1
2	+	591	1
2	+	587	1
2	+	576	1
2	+	574	1
2	+	563	2
2	+	558	1
2	+	554	2
2	+	552	1
2	+	551	1
2	+	548	1
2	+	547	1
2	+	545	1
2	+	536	1
2	+	528	1
2	+	525	1
2	+	50027	1
2	+	519	1
2	+	518	1
2	+	515	1
2	+	513	1
2	+	512	1
2	+	509	1
2	+	505	1
2	+	504	1
2	+	50009	1
2	+	500	2
2	+	50006	2
2	+	50004	1
2	+	495	1
2	+	494	1
2	+	493	2
2	+	489	1
2	+	484	1
2	+	480	1
2	+	477	1
2	+	475	1
2	+	471	1
2	+	470	1
2	+	469	1
2	+	468	1
2	+	465	2
2	+	461	1
2	+	459	2
2	+	454	1
2	+	453	1
2	+	451	1
2	+	450	3
2	+	449	1
2	+	445	1
2	+	444	1
2	+	442	2
2	+	441	1
2	+	439	1
2	+	437	1
2	+	434	1
2	+	430	1
2	+	429	1
2	+	424	1
2	+	422	1
2	+	420	1
2	+	418	1
2	+	417	2
2	+	416	1
2	+	414	1
2	+	412	1
2	+	411	1
2	+	407	1
2	+	406	1
2	+	404	2
2	+	403	1
2	+	394	1
2	+	393	1
2	+	391	1
2	+	390	2
2	+	389	1
2	+	385	2
2	+	384	1
2	+	383	1
2	+	382	3
2	+	381	2
2	+	380	1
2	+	379	2
2	+	378	1
2	+	377	1
2	+	376	2
2	+	375	2
2	+	370	1
2	+	368	2
2	+	365	2
2	+	364	1
2	+	360	2
2	+	359	2
2	+	357	1
2	+	356	1
2	+	354	1
2	+	352	3
2	+	351	1
2	+	350	1
2	+	348	1
2	+	347	2
2	+	346	1
2	+	345	4
2	+	343	1
2	+	342	2
2	+	341	2
2	+	340	1
2	+	339	2
2	+	337	2
2	+	336	1
2	+	335	2
2	+	334	2
2	+	332	2
2	+	331	4
2	+	330	3
2	+	329	4
2	+	328	4
2	+	327	2
2	+	326	1
2	+	325	4
2	+	324	1
2	+	323	1
2	+	322	2
2	+	321	1
2	+	320	1
2	+	319	4
2	+	318	2
2	+	317	2
2	+	316	3
2	+	315	3
2	+	314	1
2	+	313	2
2	+	312	5
2	+	311	4
2	+	310	3
2	+	309	2
2	+	308	3
2	+	307	3
2	+	306	1
2	+	305	4
2	+	304	4
2	+	303	3
2	+	302	1
2	+	300	4
2	+	299	3
2	+	298	3
2	+	297	1
2	+	296	4
2	+	295	2
2	+	294	3
2	+	293	4
2	+	292	2
2	+	291	4
2	+	290	4
2	+	289	5
2	+	287	3
2	+	286	4
2	+	285	2
2	+	284	4
2	+	283	1
2	+	282	7
2	+	281	3
2	+	280	1
2	+	279	4
2	+	278	3
2	+	277	5
2	+	276	3
2	+	275	5
2	+	274	2
2	+	273	3
2	+	272	4
2	+	271	3
2	+	270	6
2	+	269	2
2	+	268	2
2	+	267	4
2	+	266	5
2	+	265	9
2	+	264	4
2	+	263	5
2	+	261	3
2	+	260	4
2	+	259	6
2	+	258	8
2	+	257	4
2	+	256	4
2	+	255	5
2	+	254	6
2	+	253	2
2	+	252	2
2	+	251	7
2	+	250	3
2	+	249	3
2	+	248	8
2	+	247	5
2	+	246	11
2	+	245	5
2	+	244	2
2	+	243	6
2	+	242	9
2	+	241	2
2	+	240	8
2	+	239	4
2	+	238	6
2	+	237	3
2	+	236	2
2	+	235	6
2	+	234	8
2	+	233	5
2	+	232	8
2	+	231	5
2	+	230	6
2	+	229	5
2	+	228	8
2	+	227	7
2	+	226	4
2	+	225	11
2	+	224	9
2	+	223	7
2	+	222	7
2	+	221	5
2	+	220	12
2	+	219	7
2	+	218	12
2	+	217	9
2	+	216	5
2	+	215	9
2	+	214	3
2	+	213	9
2	+	212	7
2	+	211	3
2	+	210	8
2	+	209	7
2	+	208	8
2	+	207	13
2	+	206	10
2	+	205	13
2	+	204	8
2	+	203	11
2	+	202	9
2	+	201	14
2	+	200	10
2	+	199	8
2	+	198	13
2	+	197	9
2	+	196	11
2	+	195	7
2	+	194	16
2	+	193	11
2	+	192	8
2	+	191	12
2	+	190	7
2	+	189	11
2	+	188	14
2	+	187	18
2	+	186	17
2	+	185	20
2	+	184	15
2	+	183	22
2	+	182	10
2	+	181	12
2	+	180	18
2	+	179	14
2	+	178	15
2	+	177	11
2	+	176	15
2	+	175	16
2	+	174	21
2	+	173	21
2	+	172	13
2	+	171	16
2	+	170	13
2	+	169	22
2	+	168	25
2	+	167	19
2	+	166	12
2	+	165	16
2	+	164	13
2	+	163	18
2	+	162	16
2	+	161	20
2	+	160	22
2	+	159	27
2	+	158	23
2	+	157	18
2	+	156	20
2	+	155	22
2	+	154	15
2	+	153	33
2	+	152	22
2	+	151	28
2	+	150	24
2	+	149	39
2	+	148	30
2	+	147	23
2	+	146	33
2	+	145	18
2	+	144	31
2	+	143	25
2	+	142	27
2	+	141	33
2	+	140	27
2	+	139	29
2	+	138	28
2	+	137	31
2	+	136	32
2	+	135	40
2	+	134	36
2	+	133	37
2	+	132	41
2	+	131	40
2	+	130	34
2	+	129	24
2	+	128	43
2	+	127	49
2	+	126	41
2	+	125	39
2	+	124	44
2	+	123	45
2	+	122	41
2	+	121	44
2	+	120	56
2	+	119	57
2	+	118	46
2	+	117	44
2	+	116	46
2	+	115	46
2	+	114	47
2	+	113	69
2	+	112	64
2	+	111	67
2	+	110	83
2	+	109	71
2	+	108	73
2	+	107	75
2	+	106	76
2	+	105	72
2	+	104	88
2	+	103	92
2	+	102	91
2	+	101	100
2	+	100	105
2	+	99	95
2	+	98	111
2	+	97	118
2	+	96	113
2	+	95	121
2	+	94	127
2	+	93	126
2	+	92	132
2	+	91	138
2	+	90	134
2	+	89	161
2	+	88	158
2	+	87	166
2	+	86	190
2	+	85	186
2	+	84	206
2	+	83	210
2	+	82	232
2	+	81	203
2	+	80	228
2	+	79	232
2	+	78	251
2	+	77	281
2	+	76	325
2	+	75	305
2	+	74	349
2	+	73	349
2	+	72	386
2	+	71	410
2	+	70	446
2	+	69	487
2	+	68	511
2	+	67	573
2	+	66	585
2	+	65	656
2	+	64	679
2	+	63	741
2	+	62	755
2	+	61	834
2	+	60	949
2	+	59	937
2	+	58	1059
2	+	57	1110
2	+	56	1169
2	+	55	1283
2	+	54	1470
2	+	53	1496
2	+	52	2082
2	+	51	1925
2	+	50	2201
2	+	49	2327
2	+	48	2465
2	+	47	2531
2	+	46	2815
2	+	45	3055
2	+	44	3519
2	+	43	3809
2	+	42	4517
2	+	41	4783
2	+	40	5431
2	+	39	6165
2	+	38	7352
2	+	37	7434
2	+	36	9550
2	+	35	9670
2	+	34	11127
2	+	33	13180
2	+	32	15254
2	+	31	17005
2	+	30	20533
2	+	29	23975
2	+	28	28294
2	+	27	34127
2	+	26	41151
2	+	25	44911
2	+	24	53502
2	+	23	63384
2	+	22	74283
2	+	21	89894
2	+	20	105588
2	+	19	129773
2	+	18	159322
2	+	17	189145
2	+	16	225621
2	+	15	282802
2	+	14	354318
2	+	13	427458
2	+	12	547370
2	+	11	640318
2	+	10	819226
2	+	9	1035931
2	+	8	1317135
2	+	7	1692942
2	+	6	2231458
2	+	5	2696213
2	+	4	3518743
2	+	3	4595847
2	+	2	6459585
2	+	1	9452333
2	+	0	1
3	-	499	1
3	-	1398	1
3	-	213	11
3	-	1113	1
3	-	892	1
3	-	749	1
3	-	693	1
3	-	680	1
3	-	677	1
3	-	671	1
3	-	663	1
3	-	646	1
3	-	644	1
3	-	629	1
3	-	625	1
3	-	607	1
3	-	593	1
3	-	575	1
3	-	569	1
3	-	536	1
3	-	521	1
3	-	511	1
3	-	50006	1
3	-	498	1
3	-	50004	3
3	-	493	1
3	-	487	1
3	-	483	1
3	-	478	1
3	-	477	1
3	-	475	1
3	-	474	1
3	-	466	1
3	-	458	1
3	-	455	1
3	-	453	1
3	-	447	1
3	-	444	1
3	-	440	1
3	-	439	1
3	-	438	1
3	-	435	1
3	-	431	1
3	-	430	2
3	-	427	1
3	-	426	1
3	-	425	1
3	-	423	1
3	-	422	1
3	-	417	1
3	-	416	1
3	-	415	2
3	-	413	2
3	-	411	2
3	-	409	2
3	-	408	1
3	-	405	3
3	-	404	1
3	-	403	2
3	-	401	1
3	-	399	1
3	-	398	1
3	-	395	1
3	-	394	1
3	-	391	2
3	-	387	2
3	-	385	1
3	-	383	1
3	-	381	1
3	-	380	1
3	-	378	1
3	-	375	2
3	-	374	1
3	-	370	2
3	-	369	1
3	-	368	2
3	-	367	2
3	-	366	2
3	-	362	1
3	-	356	2
3	-	354	1
3	-	352	2
3	-	351	1
3	-	349	1
3	-	348	1
3	-	347	1
3	-	346	3
3	-	345	2
3	-	344	1
3	-	342	1
3	-	341	2
3	-	340	5
3	-	338	1
3	-	337	2
3	-	336	2
3	-	334	1
3	-	333	1
3	-	329	3
3	-	328	3
3	-	326	1
3	-	325	1
3	-	324	2
3	-	323	2
3	-	322	1
3	-	321	2
3	-	320	1
3	-	319	2
3	-	318	1
3	-	316	1
3	-	315	5
3	-	314	1
3	-	312	3
3	-	311	1
3	-	310	2
3	-	309	1
3	-	308	2
3	-	307	1
3	-	306	1
3	-	305	4
3	-	304	1
3	-	303	2
3	-	302	1
3	-	301	5
3	-	300	2
3	-	299	3
3	-	298	2
3	-	297	4
3	-	296	1
3	-	295	3
3	-	294	1
3	-	293	3
3	-	291	3
3	-	289	3
3	-	288	1
3	-	287	1
3	-	286	1
3	-	285	2
3	-	284	3
3	-	283	2
3	-	282	2
3	-	281	1
3	-	280	2
3	-	279	5
3	-	278	1
3	-	277	3
3	-	276	5
3	-	275	3
3	-	274	6
3	-	273	2
3	-	272	1
3	-	271	1
3	-	270	4
3	-	269	2
3	-	268	2
3	-	267	2
3	-	266	6
3	-	265	2
3	-	264	5
3	-	263	2
3	-	262	6
3	-	261	4
3	-	260	3
3	-	259	4
3	-	258	6
3	-	257	5
3	-	256	6
3	-	255	3
3	-	254	7
3	-	253	3
3	-	252	9
3	-	251	5
3	-	250	3
3	-	249	5
3	-	248	7
3	-	247	6
3	-	246	4
3	-	245	5
3	-	244	3
3	-	243	3
3	-	242	6
3	-	241	6
3	-	240	5
3	-	239	7
3	-	238	2
3	-	237	9
3	-	236	4
3	-	235	6
3	-	234	2
3	-	233	4
3	-	232	5
3	-	231	4
3	-	230	3
3	-	229	7
3	-	228	6
3	-	227	6
3	-	226	6
3	-	225	10
3	-	224	9
3	-	223	4
3	-	222	9
3	-	221	3
3	-	220	10
3	-	219	15
3	-	218	6
3	-	217	6
3	-	216	4
3	-	215	6
3	-	214	5
3	-	5004	1
3	-	212	11
3	-	211	8
3	-	210	10
3	-	209	7
3	-	208	7
3	-	207	9
3	-	206	11
3	-	205	10
3	-	204	8
3	-	203	15
3	-	202	7
3	-	201	8
3	-	200	6
3	-	199	3
3	-	198	15
3	-	197	9
3	-	196	11
3	-	195	6
3	-	194	7
3	-	193	14
3	-	192	12
3	-	191	5
3	-	190	9
3	-	189	11
3	-	188	13
3	-	187	11
3	-	186	9
3	-	185	18
3	-	184	11
3	-	183	14
3	-	182	11
3	-	181	15
3	-	180	8
3	-	179	11
3	-	178	12
3	-	177	20
3	-	176	14
3	-	175	13
3	-	174	14
3	-	173	14
3	-	172	17
3	-	171	16
3	-	170	24
3	-	169	25
3	-	168	12
3	-	167	11
3	-	166	17
3	-	165	10
3	-	164	13
3	-	163	16
3	-	162	23
3	-	161	19
3	-	160	17
3	-	159	14
3	-	158	20
3	-	157	20
3	-	156	28
3	-	155	16
3	-	154	13
3	-	153	17
3	-	152	23
3	-	151	19
3	-	150	25
3	-	149	11
3	-	148	33
3	-	147	28
3	-	146	23
3	-	145	19
3	-	144	29
3	-	143	25
3	-	142	30
3	-	141	28
3	-	140	18
3	-	139	24
3	-	138	23
3	-	137	26
3	-	136	24
3	-	135	38
3	-	134	31
3	-	133	27
3	-	132	29
3	-	131	26
3	-	130	37
3	-	129	33
3	-	128	33
3	-	127	34
3	-	126	28
3	-	125	36
3	-	124	47
3	-	123	27
3	-	122	40
3	-	121	43
3	-	120	43
3	-	119	45
3	-	118	61
3	-	117	56
3	-	116	48
3	-	115	47
3	-	114	59
3	-	113	52
3	-	112	61
3	-	111	56
3	-	110	49
3	-	109	70
3	-	108	62
3	-	107	58
3	-	106	80
3	-	105	67
3	-	104	80
3	-	103	69
3	-	102	68
3	-	101	87
3	-	100	105
3	-	99	71
3	-	98	101
3	-	97	92
3	-	96	112
3	-	95	103
3	-	94	114
3	-	93	125
3	-	92	132
3	-	91	110
3	-	90	146
3	-	89	135
3	-	88	127
3	-	87	147
3	-	86	153
3	-	85	168
3	-	84	156
3	-	83	173
3	-	82	187
3	-	81	224
3	-	80	211
3	-	79	230
3	-	78	243
3	-	77	255
3	-	76	254
3	-	75	311
3	-	74	310
3	-	73	301
3	-	72	358
3	-	71	350
3	-	70	381
3	-	69	435
3	-	68	503
3	-	67	460
3	-	66	512
3	-	65	552
3	-	64	629
3	-	63	647
3	-	62	694
3	-	61	768
3	-	60	818
3	-	59	860
3	-	58	959
3	-	57	975
3	-	56	1135
3	-	55	1223
3	-	54	1287
3	-	53	1448
3	-	52	2098
3	-	51	1832
3	-	50	2115
3	-	49	2049
3	-	48	2154
3	-	47	2362
3	-	46	2512
3	-	45	2940
3	-	44	3259
3	-	43	3535
3	-	42	4412
3	-	41	4589
3	-	40	5006
3	-	39	5871
3	-	38	7034
3	-	37	7096
3	-	36	9197
3	-	35	9283
3	-	34	10828
3	-	33	12628
3	-	32	14720
3	-	31	16235
3	-	30	20031
3	-	29	22784
3	-	28	27211
3	-	27	33282
3	-	26	40660
3	-	25	42624
3	-	24	51263
3	-	23	60140
3	-	22	69704
3	-	21	85623
3	-	20	97532
3	-	19	121114
3	-	18	150663
3	-	17	176203
3	-	16	210271
3	-	15	261860
3	-	14	327009
3	-	13	386791
3	-	12	495717
3	-	11	573743
3	-	10	735339
3	-	9	916000
3	-	8	1151591
3	-	7	1458720
3	-	6	1905237
3	-	5	2273367
3	-	4	2956630
3	-	3	3843548
3	-	2	5329286
3	-	1	7680031
3	-	0	1
2	-	512	1
2	-	1932	1
2	-	1590	1
2	-	50006	2
2	-	1521	1
2	-	50004	1
2	-	970	1
2	-	918	1
2	-	902	1
2	-	858	1
2	-	802	1
2	-	776	1
2	-	774	1
2	-	761	1
2	-	745	1
2	-	692	1
2	-	657	1
2	-	634	1
2	-	626	1
2	-	616	1
2	-	609	1
2	-	607	1
2	-	603	1
2	-	602	2
2	-	578	1
2	-	576	1
2	-	568	1
2	-	544	1
2	-	529	1
2	-	525	1
2	-	524	1
2	-	517	1
2	-	50020	1
2	-	50019	1
2	-	511	1
2	-	50013	1
2	-	50009	1
2	-	499	1
2	-	497	1
2	-	495	1
2	-	490	1
2	-	487	1
2	-	483	1
2	-	482	1
2	-	481	1
2	-	479	1
2	-	478	1
2	-	477	1
2	-	473	2
2	-	470	1
2	-	466	1
2	-	465	1
2	-	464	1
2	-	457	1
2	-	453	1
2	-	451	1
2	-	448	1
2	-	446	1
2	-	444	1
2	-	443	1
2	-	442	1
2	-	441	2
2	-	440	1
2	-	438	1
2	-	437	1
2	-	430	2
2	-	422	2
2	-	419	1
2	-	417	1
2	-	415	1
2	-	414	2
2	-	413	1
2	-	411	1
2	-	408	1
2	-	407	2
2	-	406	4
2	-	405	1
2	-	403	2
2	-	402	2
2	-	399	1
2	-	398	1
2	-	397	1
2	-	395	1
2	-	393	3
2	-	392	1
2	-	391	2
2	-	389	1
2	-	387	1
2	-	385	1
2	-	384	1
2	-	379	1
2	-	378	1
2	-	376	2
2	-	375	1
2	-	373	2
2	-	370	1
2	-	368	1
2	-	364	1
2	-	363	1
2	-	362	2
2	-	361	1
2	-	359	1
2	-	358	2
2	-	356	1
2	-	355	3
2	-	353	1
2	-	352	1
2	-	350	2
2	-	348	1
2	-	346	4
2	-	343	2
2	-	341	1
2	-	340	5
2	-	339	1
2	-	338	1
2	-	336	3
2	-	335	4
2	-	334	1
2	-	333	1
2	-	332	1
2	-	331	4
2	-	329	4
2	-	327	1
2	-	326	2
2	-	324	3
2	-	323	2
2	-	322	3
2	-	321	2
2	-	320	5
2	-	319	1
2	-	318	2
2	-	317	3
2	-	316	1
2	-	315	1
2	-	314	2
2	-	313	1
2	-	312	3
2	-	311	1
2	-	310	2
2	-	309	4
2	-	307	6
2	-	305	2
2	-	304	2
2	-	303	4
2	-	302	2
2	-	301	3
2	-	300	5
2	-	299	3
2	-	298	3
2	-	297	2
2	-	296	1
2	-	295	2
2	-	294	3
2	-	293	3
2	-	292	1
2	-	290	2
2	-	289	1
2	-	288	3
2	-	287	2
2	-	286	5
2	-	285	5
2	-	284	4
2	-	283	1
2	-	282	2
2	-	281	6
2	-	280	3
2	-	279	3
2	-	278	5
2	-	277	5
2	-	275	4
2	-	274	3
2	-	273	5
2	-	272	2
2	-	271	2
2	-	270	1
2	-	269	6
2	-	268	3
2	-	267	5
2	-	266	3
2	-	265	2
2	-	264	3
2	-	263	3
2	-	262	6
2	-	261	2
2	-	260	4
2	-	259	3
2	-	258	7
2	-	257	3
2	-	256	7
2	-	255	6
2	-	254	6
2	-	253	3
2	-	252	2
2	-	251	5
2	-	250	4
2	-	249	2
2	-	248	9
2	-	247	2
2	-	246	8
2	-	245	3
2	-	244	5
2	-	243	3
2	-	242	2
2	-	241	4
2	-	240	4
2	-	239	8
2	-	238	6
2	-	237	7
2	-	236	10
2	-	235	5
2	-	234	4
2	-	233	6
2	-	232	6
2	-	231	7
2	-	230	5
2	-	229	5
2	-	228	7
2	-	227	8
2	-	226	8
2	-	225	8
2	-	224	8
2	-	223	7
2	-	222	9
2	-	221	8
2	-	220	7
2	-	219	5
2	-	218	9
2	-	217	4
2	-	216	4
2	-	215	4
2	-	214	10
2	-	213	8
2	-	212	11
2	-	211	16
2	-	210	7
2	-	209	12
2	-	208	15
2	-	207	9
2	-	206	9
2	-	205	15
2	-	204	13
2	-	203	15
2	-	202	15
2	-	201	10
2	-	200	12
2	-	199	12
2	-	198	13
2	-	197	18
2	-	196	12
2	-	195	13
2	-	194	8
2	-	193	9
2	-	192	5
2	-	191	8
2	-	190	11
2	-	189	16
2	-	188	14
2	-	187	9
2	-	186	19
2	-	185	12
2	-	184	14
2	-	183	13
2	-	182	8
2	-	181	16
2	-	180	19
2	-	179	19
2	-	178	18
2	-	177	19
2	-	176	19
2	-	175	12
2	-	174	21
2	-	173	18
2	-	172	28
2	-	171	12
2	-	170	13
2	-	169	11
2	-	168	20
2	-	167	12
2	-	166	19
2	-	165	22
2	-	164	16
2	-	163	22
2	-	162	15
2	-	161	17
2	-	160	23
2	-	159	21
2	-	158	23
2	-	157	20
2	-	156	26
2	-	155	19
2	-	154	33
2	-	153	17
2	-	152	30
2	-	151	18
2	-	150	26
2	-	149	19
2	-	148	33
2	-	147	29
2	-	146	23
2	-	145	31
2	-	144	20
2	-	143	30
2	-	142	29
2	-	141	27
2	-	140	21
2	-	139	21
2	-	138	33
2	-	137	27
2	-	136	29
2	-	135	47
2	-	134	35
2	-	133	30
2	-	132	29
2	-	131	52
2	-	130	37
2	-	129	38
2	-	128	47
2	-	127	36
2	-	126	52
2	-	125	30
2	-	124	41
2	-	123	38
2	-	122	58
2	-	121	44
2	-	120	47
2	-	119	65
2	-	118	56
2	-	117	69
2	-	116	46
2	-	115	48
2	-	114	65
2	-	113	58
2	-	112	62
2	-	111	58
2	-	110	73
2	-	109	59
2	-	108	70
2	-	107	63
2	-	106	75
2	-	105	78
2	-	104	79
2	-	103	86
2	-	102	95
2	-	101	109
2	-	100	94
2	-	99	81
2	-	98	117
2	-	97	116
2	-	96	122
2	-	95	102
2	-	94	112
2	-	93	129
2	-	92	135
2	-	91	150
2	-	90	159
2	-	89	163
2	-	88	172
2	-	87	154
2	-	86	185
2	-	85	173
2	-	84	204
2	-	83	207
2	-	82	221
2	-	81	252
2	-	80	255
2	-	79	270
2	-	78	239
2	-	77	279
2	-	76	291
2	-	75	350
2	-	74	339
2	-	73	384
2	-	72	417
2	-	71	432
2	-	70	439
2	-	69	495
2	-	68	569
2	-	67	541
2	-	66	583
2	-	65	624
2	-	64	663
2	-	63	678
2	-	62	802
2	-	61	880
2	-	60	881
2	-	59	930
2	-	58	1003
2	-	57	1143
2	-	56	1206
2	-	55	1280
2	-	54	1360
2	-	53	1564
2	-	52	2127
2	-	51	1903
2	-	50	2226
2	-	49	2327
2	-	48	2339
2	-	47	2425
2	-	46	2808
2	-	45	3152
2	-	44	3516
2	-	43	3844
2	-	42	4608
2	-	41	4792
2	-	40	5360
2	-	39	6377
2	-	38	7279
2	-	37	7414
2	-	36	9313
2	-	35	9674
2	-	34	11333
2	-	33	13020
2	-	32	15375
2	-	31	17051
2	-	30	20804
2	-	29	23718
2	-	28	28268
2	-	27	33928
2	-	26	41109
2	-	25	44733
2	-	24	53325
2	-	23	63122
2	-	22	73994
2	-	21	89661
2	-	20	104465
2	-	19	129607
2	-	18	158423
2	-	17	188422
2	-	16	226060
2	-	15	283021
2	-	14	354100
2	-	13	426583
2	-	12	546238
2	-	11	640965
2	-	10	819101
2	-	9	1035826
2	-	8	1319298
2	-	7	1692312
2	-	6	2231865
2	-	5	2697805
2	-	4	3526109
2	-	3	4605413
2	-	2	6468910
2	-	1	9461729
2	-	0	1
1	-	32	17515
1	-	1466	1
1	-	133012	1
1	-	1171	1
1	-	406007	1
1	-	947	1
1	-	923	1
1	-	827	1
1	-	7166	1
1	-	774	1
1	-	661	1
1	-	648	1
1	-	645	1
1	-	642	1
1	-	637	1
1	-	617	1
1	-	600	1
1	-	588	1
1	-	587	1
1	-	585	1
1	-	584	1
1	-	581	1
1	-	2000006	1
1	-	556	1
1	-	550	1
1	-	548	1
1	-	544	1
1	-	519	2
1	-	512	1
1	-	510	1
1	-	509	1
1	-	507	1
1	-	502	1
1	-	501	1
1	-	500	1
1	-	50006	1
1	-	50003	1
1	-	50002	1
1	-	493	1
1	-	491	1
1	-	489	1
1	-	482	1
1	-	481	1
1	-	479	1
1	-	478	1
1	-	477	1
1	-	476	1
1	-	474	2
1	-	471	2
1	-	470	1
1	-	465	1
1	-	464	1
1	-	462	1
1	-	461	1
1	-	456	1
1	-	452	1
1	-	448	2
1	-	441	1
1	-	440	1
1	-	439	1
1	-	438	1
1	-	435	1
1	-	434	2
1	-	432	1
1	-	430	1
1	-	429	1
1	-	426	1
1	-	423	1
1	-	421	2
1	-	420	3
1	-	416	1
1	-	414	2
1	-	413	1
1	-	411	2
1	-	410	2
1	-	408	2
1	-	407	1
1	-	406	2
1	-	405	1
1	-	403	1
1	-	401	1
1	-	398	2
1	-	396	2
1	-	393	1
1	-	389	1
1	-	385	1
1	-	383	4
1	-	382	1
1	-	381	2
1	-	379	2
1	-	377	1
1	-	376	3
1	-	375	1
1	-	374	1
1	-	370	2
1	-	369	1
1	-	368	1
1	-	367	1
1	-	366	2
1	-	365	1
1	-	364	2
1	-	363	1
1	-	361	1
1	-	360	1
1	-	358	1
1	-	357	1
1	-	356	2
1	-	354	1
1	-	353	1
1	-	350	4
1	-	349	2
1	-	348	1
1	-	347	4
1	-	346	1
1	-	344	1
1	-	342	2
1	-	341	1
1	-	339	1
1	-	338	2
1	-	336	2
1	-	335	4
1	-	334	1
1	-	332	1
1	-	331	3
1	-	330	4
1	-	329	3
1	-	328	1
1	-	327	2
1	-	326	1
1	-	325	3
1	-	324	3
1	-	321	4
1	-	320	1
1	-	319	5
1	-	318	2
1	-	317	1
1	-	316	4
1	-	315	2
1	-	314	3
1	-	313	3
1	-	312	1
1	-	311	4
1	-	310	2
1	-	309	4
1	-	308	3
1	-	307	1
1	-	306	4
1	-	305	3
1	-	304	2
1	-	303	1
1	-	302	3
1	-	301	3
1	-	300	6
1	-	299	3
1	-	298	4
1	-	297	5
1	-	296	3
1	-	295	1
1	-	294	2
1	-	293	1
1	-	292	1
1	-	291	4
1	-	290	3
1	-	289	1
1	-	288	5
1	-	287	4
1	-	286	2
1	-	285	4
1	-	284	2
1	-	283	3
1	-	282	6
1	-	280	1
1	-	279	2
1	-	278	1
1	-	277	2
1	-	276	3
1	-	275	1
1	-	274	5
1	-	273	6
1	-	272	1
1	-	271	5
1	-	270	4
1	-	269	5
1	-	268	3
1	-	267	5
1	-	266	7
1	-	265	6
1	-	264	5
1	-	263	4
1	-	262	4
1	-	261	3
1	-	260	4
1	-	259	3
1	-	258	5
1	-	257	8
1	-	256	5
1	-	255	2
1	-	254	6
1	-	253	5
1	-	252	3
1	-	251	3
1	-	250	3
1	-	249	9
1	-	248	3
1	-	247	6
1	-	246	7
1	-	245	7
1	-	244	6
1	-	243	6
1	-	242	4
1	-	241	10
1	-	240	4
1	-	239	6
1	-	238	7
1	-	237	10
1	-	236	10
1	-	235	5
1	-	234	5
1	-	233	4
1	-	232	11
1	-	231	11
1	-	230	7
1	-	229	6
1	-	228	7
1	-	227	8
1	-	226	14
1	-	225	5
1	-	224	10
1	-	223	9
1	-	222	12
1	-	221	7
1	-	220	5
1	-	219	15
1	-	218	12
1	-	217	6
1	-	216	8
1	-	215	5
1	-	214	9
1	-	213	7
1	-	212	5
1	-	211	14
1	-	210	5
1	-	209	13
1	-	208	12
1	-	207	17
1	-	206	9
1	-	205	11
1	-	204	12
1	-	203	20
1	-	202	7
1	-	201	7
1	-	200	8
1	-	199	12
1	-	198	19
1	-	197	16
1	-	196	14
1	-	195	10
1	-	194	13
1	-	193	10
1	-	192	20
1	-	191	10
1	-	190	13
1	-	189	14
1	-	188	12
1	-	187	10
1	-	186	12
1	-	185	26
1	-	184	14
1	-	183	10
1	-	182	11
1	-	181	11
1	-	180	8
1	-	179	17
1	-	178	11
1	-	177	21
1	-	176	17
1	-	175	18
1	-	174	14
1	-	173	22
1	-	172	13
1	-	171	24
1	-	170	23
1	-	169	18
1	-	168	24
1	-	167	25
1	-	166	23
1	-	165	25
1	-	164	17
1	-	163	21
1	-	162	21
1	-	161	34
1	-	160	25
1	-	159	20
1	-	158	30
1	-	157	26
1	-	156	32
1	-	155	26
1	-	154	18
1	-	153	25
1	-	152	31
1	-	151	27
1	-	150	27
1	-	149	24
1	-	148	18
1	-	147	24
1	-	146	33
1	-	145	36
1	-	144	42
1	-	143	32
1	-	142	36
1	-	141	37
1	-	140	27
1	-	139	39
1	-	138	38
1	-	137	32
1	-	136	34
1	-	135	34
1	-	134	39
1	-	133	32
1	-	132	45
1	-	131	42
1	-	130	44
1	-	129	44
1	-	128	51
1	-	127	45
1	-	126	42
1	-	125	44
1	-	124	50
1	-	123	47
1	-	122	53
1	-	121	49
1	-	120	47
1	-	119	47
1	-	118	58
1	-	117	66
1	-	116	68
1	-	115	60
1	-	114	62
1	-	113	70
1	-	112	69
1	-	111	67
1	-	110	63
1	-	109	96
1	-	108	82
1	-	107	95
1	-	106	93
1	-	105	92
1	-	104	103
1	-	103	98
1	-	102	100
1	-	101	98
1	-	100	100
1	-	99	115
1	-	98	108
1	-	97	129
1	-	96	136
1	-	95	134
1	-	94	119
1	-	93	131
1	-	92	130
1	-	91	162
1	-	90	166
1	-	89	170
1	-	88	179
1	-	87	197
1	-	86	191
1	-	85	204
1	-	84	221
1	-	83	240
1	-	82	237
1	-	81	282
1	-	80	287
1	-	79	300
1	-	78	315
1	-	77	347
1	-	76	331
1	-	75	370
1	-	74	406
1	-	73	440
1	-	72	426
1	-	71	421
1	-	70	480
1	-	69	543
1	-	68	621
1	-	67	659
1	-	66	682
1	-	65	691
1	-	64	802
1	-	63	820
1	-	62	859
1	-	61	930
1	-	60	974
1	-	59	1095
1	-	58	1190
1	-	57	1225
1	-	56	1386
1	-	55	1548
1	-	54	1628
1	-	53	1834
1	-	52	2461
1	-	51	2142
1	-	50	2485
1	-	49	2599
1	-	48	2698
1	-	47	2836
1	-	46	3222
1	-	45	3421
1	-	44	3940
1	-	43	4212
1	-	42	5169
1	-	41	5484
1	-	40	6044
1	-	39	6981
1	-	38	8305
1	-	37	8304
1	-	36	10796
1	-	35	11038
1	-	34	12857
1	-	33	14934
1	-	16002	1
1	-	31	19358
1	-	30	23574
1	-	29	27062
1	-	28	32681
1	-	27	38729
1	-	26	47017
1	-	25	50534
1	-	24	61087
1	-	23	70927
1	-	22	83009
1	-	21	100144
1	-	20	117278
1	-	19	144030
1	-	18	178723
1	-	17	209901
1	-	16	252208
1	-	15	313717
1	-	14	393436
1	-	13	466998
1	-	12	599676
1	-	11	696355
1	-	10	890777
1	-	9	1112850
1	-	8	1412498
1	-	7	1797366
1	-	6	2358961
1	-	5	2820051
1	-	4	3683437
1	-	3	4788032
1	-	2	6696817
1	-	1	9717350
1	-	0	1
